project_name,commit_id,github_address,is_bug_fix
albfernandez__GDS-PMD-Security-Rules,74f738f028b14d57eb48474a6f26b075aa7250b0,https://github.com/albfernandez/GDS-PMD-Security-Rules/commit/74f738f028b14d57eb48474a6f26b075aa7250b0,
apereo__java-cas-client,29165243a522c09c5466ca0ca86b63b46d27b60c,https://github.com/apereo/java-cas-client/commit/29165243a522c09c5466ca0ca86b63b46d27b60c,
openmrs__openmrs-module-webservices.rest,a13cf2d7d145b5421f10eb64628864c53d1c56a1,https://github.com/openmrs/openmrs-module-webservices.rest/commit/a13cf2d7d145b5421f10eb64628864c53d1c56a1,
openmrs__openmrs-module-htmlformentry,65ce4c9d24fd3107c601442fc7f8b7270b12d9a0,https://github.com/openmrs/openmrs-module-htmlformentry/commit/65ce4c9d24fd3107c601442fc7f8b7270b12d9a0,
vert-x3__vertx-web,97973f777a7437595ee23cd75aa99cb57e81ac71,https://github.com/vert-x3/vertx-web/commit/97973f777a7437595ee23cd75aa99cb57e81ac71,
org-tigris-jsapar__jsapar,38593d525426a09d6a8be863368db5f15760655a,https://github.com/org-tigris-jsapar/jsapar/commit/38593d525426a09d6a8be863368db5f15760655a,
swagger-api__swagger-codegen,6c4765fd00322dbd25b764b20152cc965a473c98,https://github.com/swagger-api/swagger-codegen/commit/6c4765fd00322dbd25b764b20152cc965a473c98,
openmrs__openmrs-module-webservices.rest,b081c5b08da0f0799e688ea44a7e500b25eb7668,https://github.com/openmrs/openmrs-module-webservices.rest/commit/b081c5b08da0f0799e688ea44a7e500b25eb7668,
openmrs__openmrs-module-webservices.rest,baebda151aeffee2f9a81307709e1a3ae227d4a6,https://github.com/openmrs/openmrs-module-webservices.rest/commit/baebda151aeffee2f9a81307709e1a3ae227d4a6,
jgrapht__jgrapht,275c6fdbd5d026b41d445949d6daf27f9454e119,https://github.com/jgrapht/jgrapht/commit/275c6fdbd5d026b41d445949d6daf27f9454e119,
openmrs__openmrs-module-webservices.rest,348f83449c13888dc7c68d180a80b5d5904ba5a4,https://github.com/openmrs/openmrs-module-webservices.rest/commit/348f83449c13888dc7c68d180a80b5d5904ba5a4,
classgraph__classgraph,9fd74d75c42e4281ac29b24d5aa173c58f725bf6,https://github.com/classgraph/classgraph/commit/9fd74d75c42e4281ac29b24d5aa173c58f725bf6,
swagger-api__swagger-codegen,ddc5293e6a43713a8cbbb86de1b0b91014165dae,https://github.com/swagger-api/swagger-codegen/commit/ddc5293e6a43713a8cbbb86de1b0b91014165dae,
swagger-api__swagger-codegen,8818c209df2d9dd49a6a40f2ae8bec348ad9c062,https://github.com/swagger-api/swagger-codegen/commit/8818c209df2d9dd49a6a40f2ae8bec348ad9c062,
HubSpot__Baragon,a0e7fa2683b40476c7a995b4be97a836bdea314e,https://github.com/HubSpot/Baragon/commit/a0e7fa2683b40476c7a995b4be97a836bdea314e,
vert-x3__vertx-web,9d2a78ff8a3c594de918c56a26f3f875547e4198,https://github.com/vert-x3/vertx-web/commit/9d2a78ff8a3c594de918c56a26f3f875547e4198,
openmrs__openmrs-module-webservices.rest,7a3f5fc443b3229de3733220dbdabadf169b09e4,https://github.com/openmrs/openmrs-module-webservices.rest/commit/7a3f5fc443b3229de3733220dbdabadf169b09e4,
aws__aws-encryption-sdk-java,f6464b77621ed6c12e9fdb84f4d73cdedff3f168,https://github.com/aws/aws-encryption-sdk-java/commit/f6464b77621ed6c12e9fdb84f4d73cdedff3f168,
Activiti__Activiti,cb55856df647469d602aedfa537ceeebb0f7952f,https://github.com/Activiti/Activiti/commit/cb55856df647469d602aedfa537ceeebb0f7952f,
apache__incubator-dubbo,3d82de129546c4c4d79b831e43959ad271b33f11,https://github.com/apache/incubator-dubbo/commit/3d82de129546c4c4d79b831e43959ad271b33f11,
HubSpot__Baragon,4426dcdcbdffe1bcc12a6564e7c4eeb5046bb76f,https://github.com/HubSpot/Baragon/commit/4426dcdcbdffe1bcc12a6564e7c4eeb5046bb76f,
apereo__java-cas-client,5686f256d6b1f25e72ab75a59749693c57dc209a,https://github.com/apereo/java-cas-client/commit/5686f256d6b1f25e72ab75a59749693c57dc209a,
pippo-java__pippo,41ba46b47c29daa98995951673dffd228d10c827,https://github.com/pippo-java/pippo/commit/41ba46b47c29daa98995951673dffd228d10c827,
openmrs__openmrs-module-htmlformentry,901fff84d2a7325645b22fc7885a2713cc9e7ac0,https://github.com/openmrs/openmrs-module-htmlformentry/commit/901fff84d2a7325645b22fc7885a2713cc9e7ac0,
brettwooldridge__HikariCP,03a44b7ab5426a32c0a699a9bb21761585e6ae7c,https://github.com/brettwooldridge/HikariCP/commit/03a44b7ab5426a32c0a699a9bb21761585e6ae7c,
brettwooldridge__HikariCP,7f76e3b83329a7be15a2487845451dd5bd431e99,https://github.com/brettwooldridge/HikariCP/commit/7f76e3b83329a7be15a2487845451dd5bd431e99,
HubSpot__Baragon,49cedd0656def63e0458c5d2060780fd5980c657,https://github.com/HubSpot/Baragon/commit/49cedd0656def63e0458c5d2060780fd5980c657,
apache__incubator-dubbo,edfaee1e89d13aca1aaa230025ba0b661fc9ebef,https://github.com/apache/incubator-dubbo/commit/edfaee1e89d13aca1aaa230025ba0b661fc9ebef,
HubSpot__Baragon,28d227b4a3fa7d85c68abac50cef0f6d77b118eb,https://github.com/HubSpot/Baragon/commit/28d227b4a3fa7d85c68abac50cef0f6d77b118eb,
Activiti__Activiti,89d78482cab59affb3320008d2684d2e40fde98f,https://github.com/Activiti/Activiti/commit/89d78482cab59affb3320008d2684d2e40fde98f,
apache__incubator-servicecomb-java-chassis,2d051ab19506c2b77cc88467c5a51c04bd2e2f35,https://github.com/apache/incubator-servicecomb-java-chassis/commit/2d051ab19506c2b77cc88467c5a51c04bd2e2f35,
pippo-java__pippo,f142ac222fe2d607af082edc2b7bef5d3eec893e,https://github.com/pippo-java/pippo/commit/f142ac222fe2d607af082edc2b7bef5d3eec893e,
classgraph__classgraph,3c6d5a09a9edc0fca2de89ae560fb7db5d883665,https://github.com/classgraph/classgraph/commit/3c6d5a09a9edc0fca2de89ae560fb7db5d883665,
ctripcorp__apollo,e994f543ce96f852635d863a86d9fe39ef42dfac,https://github.com/ctripcorp/apollo/commit/e994f543ce96f852635d863a86d9fe39ef42dfac,
cpesch__RouteConverter,822773636629b1f824b9eeedf46bc5db7650c8e5,https://github.com/cpesch/RouteConverter/commit/822773636629b1f824b9eeedf46bc5db7650c8e5,
classgraph__classgraph,4e326936b9184455275fc1c2df7e24aeec0968a7,https://github.com/classgraph/classgraph/commit/4e326936b9184455275fc1c2df7e24aeec0968a7,
thelastpickle__cassandra-reaper,7078584f05b6f57efdd0fa105484eb46f4275add,https://github.com/thelastpickle/cassandra-reaper/commit/7078584f05b6f57efdd0fa105484eb46f4275add,
cpesch__RouteConverter,fc1aad65a54db8e71748f9e8f2f484279fdf73d8,https://github.com/cpesch/RouteConverter/commit/fc1aad65a54db8e71748f9e8f2f484279fdf73d8,
brettwooldridge__HikariCP,832b3a571fb9b086fe735cd05984dd890cf3e985,https://github.com/brettwooldridge/HikariCP/commit/832b3a571fb9b086fe735cd05984dd890cf3e985,
HubSpot__Baragon,7407103847d75ce1f87ca02c7e8a7344fc868303,https://github.com/HubSpot/Baragon/commit/7407103847d75ce1f87ca02c7e8a7344fc868303,
ctripcorp__apollo,df4165c7574c1f8c2e84afff9f4172085018eb53,https://github.com/ctripcorp/apollo/commit/df4165c7574c1f8c2e84afff9f4172085018eb53,
apache__incubator-servicecomb-java-chassis,5c401de453d8d939b38d984f2004e603406c9647,https://github.com/apache/incubator-servicecomb-java-chassis/commit/5c401de453d8d939b38d984f2004e603406c9647,
openmrs__openmrs-module-webservices.rest,9b288deb595f1f3850fea09cd4dfc687161cf812,https://github.com/openmrs/openmrs-module-webservices.rest/commit/9b288deb595f1f3850fea09cd4dfc687161cf812,
swagger-api__swagger-codegen,b0c776bbea54d2a5550c50e00c67646c9e618ae9,https://github.com/swagger-api/swagger-codegen/commit/b0c776bbea54d2a5550c50e00c67646c9e618ae9,
HubSpot__Baragon,5762cd03f719015471d41b0e6e40a167773ca39c,https://github.com/HubSpot/Baragon/commit/5762cd03f719015471d41b0e6e40a167773ca39c,
molgenis__molgenis,c23223b0b0a3e2896507c05f31248aae6f6be339,https://github.com/molgenis/molgenis/commit/c23223b0b0a3e2896507c05f31248aae6f6be339,
swagger-api__swagger-codegen,9a15ced211eaefdc5cb848188f12a6cdd84f811e,https://github.com/swagger-api/swagger-codegen/commit/9a15ced211eaefdc5cb848188f12a6cdd84f811e,
openmrs__openmrs-module-webservices.rest,16f08e39ccf792db23a2770aaa05dd7ba5da3712,https://github.com/openmrs/openmrs-module-webservices.rest/commit/16f08e39ccf792db23a2770aaa05dd7ba5da3712,
apache__jackrabbit-oak,f3088211355388fa2a27d7c9c50a63845df9e91a,https://github.com/apache/jackrabbit-oak/commit/f3088211355388fa2a27d7c9c50a63845df9e91a,
rkonovalov__jsonignore,ec9da28113099eeceb9d51919ed7dbde0ae5b260,https://github.com/rkonovalov/jsonignore/commit/ec9da28113099eeceb9d51919ed7dbde0ae5b260,
HubSpot__Baragon,db2443d41883b7ce1fd8dab177584079c4f463c5,https://github.com/HubSpot/Baragon/commit/db2443d41883b7ce1fd8dab177584079c4f463c5,
vert-x3__vertx-web,94d29f52e3da5455521101a1229065b4b8a7d587,https://github.com/vert-x3/vertx-web/commit/94d29f52e3da5455521101a1229065b4b8a7d587,
AxonFramework__AxonFramework,439542b5f3c901f68fedfdf7a741f81d37e5ad92,https://github.com/AxonFramework/AxonFramework/commit/439542b5f3c901f68fedfdf7a741f81d37e5ad92,
swagger-api__swagger-codegen,08647b337fcecc4343520f339490752d84dff9c4,https://github.com/swagger-api/swagger-codegen/commit/08647b337fcecc4343520f339490752d84dff9c4,
pippo-java__pippo,3e10ce6e06b34d6b9f620081f589274ee17a69ee,https://github.com/pippo-java/pippo/commit/3e10ce6e06b34d6b9f620081f589274ee17a69ee,
EnMasseProject__enmasse,9748c6bd2572f23e1c9dfdd204bfc8409898468f,https://github.com/EnMasseProject/enmasse/commit/9748c6bd2572f23e1c9dfdd204bfc8409898468f,
SzFMV2018-Tavasz__AutomatedCar,627f1cbe361fd431eddbbbfe2cc765d15f22f457,https://github.com/SzFMV2018-Tavasz/AutomatedCar/commit/627f1cbe361fd431eddbbbfe2cc765d15f22f457,
apache__incubator-servicecomb-java-chassis,5274dc0f21c32d0c536a6377e2891e1c96d3e2b4,https://github.com/apache/incubator-servicecomb-java-chassis/commit/5274dc0f21c32d0c536a6377e2891e1c96d3e2b4,
dhis2__dhis2-core,1d8299787e9546d3d2a3088afab718bd9c33fb3e,https://github.com/dhis2/dhis2-core/commit/1d8299787e9546d3d2a3088afab718bd9c33fb3e,
SzFMV2018-Tavasz__AutomatedCar,9f8c7b24ab1587e4396c40dc9e5b11234acf6775,https://github.com/SzFMV2018-Tavasz/AutomatedCar/commit/9f8c7b24ab1587e4396c40dc9e5b11234acf6775,
HubSpot__Baragon,51d0f0aae1851279b0280a1b5c45020733536729,https://github.com/HubSpot/Baragon/commit/51d0f0aae1851279b0280a1b5c45020733536729,
openmrs__openmrs-module-webservices.rest,cc34d86cf1e7a2fcb34e6cf723840d7d900770e0,https://github.com/openmrs/openmrs-module-webservices.rest/commit/cc34d86cf1e7a2fcb34e6cf723840d7d900770e0,
cpesch__RouteConverter,c49cced92b3e685c15d6407e2534d7f44c345e0d,https://github.com/cpesch/RouteConverter/commit/c49cced92b3e685c15d6407e2534d7f44c345e0d,
vkostyukov__la4j,ecf6b63e657be23543a422c44ac0ee3ce10695a8,https://github.com/vkostyukov/la4j/commit/ecf6b63e657be23543a422c44ac0ee3ce10695a8,
molgenis__molgenis,8ddad81a225c4f7f63d8f4abbde22d6725e1c0ed,https://github.com/molgenis/molgenis/commit/8ddad81a225c4f7f63d8f4abbde22d6725e1c0ed,
cpesch__RouteConverter,cc8e8ff0fb39aee8da44bad3b54c6882f231bf94,https://github.com/cpesch/RouteConverter/commit/cc8e8ff0fb39aee8da44bad3b54c6882f231bf94,
traccar__traccar,822f9eb02153f12bb435d467074cf85eb9e581fb,https://github.com/traccar/traccar/commit/822f9eb02153f12bb435d467074cf85eb9e581fb,
Blazebit__blaze-persistence,3be4a903aa0724639effc9c705a98fc46a1ddb02,https://github.com/Blazebit/blaze-persistence/commit/3be4a903aa0724639effc9c705a98fc46a1ddb02,
apache__jackrabbit-oak,0fc04127e65d619bce3ba9914ef2953a36f18e30,https://github.com/apache/jackrabbit-oak/commit/0fc04127e65d619bce3ba9914ef2953a36f18e30,
INRIA__spoon,16ecc6a56b0bda881e12d15e925d215a817fa633,https://github.com/INRIA/spoon/commit/16ecc6a56b0bda881e12d15e925d215a817fa633,
classgraph__classgraph,3c3111fc58e2fdfa33dcf0ad926e17249d5ef310,https://github.com/classgraph/classgraph/commit/3c3111fc58e2fdfa33dcf0ad926e17249d5ef310,
INRIA__spoon,143fbb7682c41559260c4a5090e447d7385739a1,https://github.com/INRIA/spoon/commit/143fbb7682c41559260c4a5090e447d7385739a1,
SonarOpenCommunity__sonar-cxx,07de281a4a545179ec2a34929d85dda340530d22,https://github.com/SonarOpenCommunity/sonar-cxx/commit/07de281a4a545179ec2a34929d85dda340530d22,
vert-x3__vertx-web,9884f47e39e3f236e7edd240393ede925b3967e5,https://github.com/vert-x3/vertx-web/commit/9884f47e39e3f236e7edd240393ede925b3967e5,
rkonovalov__jsonignore,d26a5263c5b725f7c32595f47c98a77f612b1f49,https://github.com/rkonovalov/jsonignore/commit/d26a5263c5b725f7c32595f47c98a77f612b1f49,
spring-projects__spring-data-jpa,3da91e9bb278767dd9d642b00759967d9b6b4cfe,https://github.com/spring-projects/spring-data-jpa/commit/3da91e9bb278767dd9d642b00759967d9b6b4cfe,
HubSpot__Baragon,23231426ed1c639768274a92b7acd1b3d08bcdd0,https://github.com/HubSpot/Baragon/commit/23231426ed1c639768274a92b7acd1b3d08bcdd0,
HubSpot__Baragon,812f0a7bbf92ae735241eaae4b1dc653153d6d4c,https://github.com/HubSpot/Baragon/commit/812f0a7bbf92ae735241eaae4b1dc653153d6d4c,
HubSpot__Baragon,05c2f2086461e3fa7aad76e8b55c5562bd8b5c67,https://github.com/HubSpot/Baragon/commit/05c2f2086461e3fa7aad76e8b55c5562bd8b5c67,
openmrs__openmrs-module-webservices.rest,f8a28368c49037748cc1f9b1b165eb92644e764b,https://github.com/openmrs/openmrs-module-webservices.rest/commit/f8a28368c49037748cc1f9b1b165eb92644e764b,
rkonovalov__jsonignore,1f37d9836dbb1fee97f2178b879940e8c472c8a4,https://github.com/rkonovalov/jsonignore/commit/1f37d9836dbb1fee97f2178b879940e8c472c8a4,
SzFMV2018-Tavasz__AutomatedCar,bb92b07d57f702df0669756254277b85af9c6728,https://github.com/SzFMV2018-Tavasz/AutomatedCar/commit/bb92b07d57f702df0669756254277b85af9c6728,
dhis2__dhis2-core,aa01d7b70d1be6761e70604528512b2762b20b67,https://github.com/dhis2/dhis2-core/commit/aa01d7b70d1be6761e70604528512b2762b20b67,
swagger-api__swagger-codegen,55827fe516add347bf3f14d29c435ad2dc292465,https://github.com/swagger-api/swagger-codegen/commit/55827fe516add347bf3f14d29c435ad2dc292465,
AxonFramework__AxonFramework,806502f91c61e893cdd7ce9989e8248340711965,https://github.com/AxonFramework/AxonFramework/commit/806502f91c61e893cdd7ce9989e8248340711965,
EnMasseProject__enmasse,95d0869edf67c4fa8c12dd53fc05d5e2fef011ef,https://github.com/EnMasseProject/enmasse/commit/95d0869edf67c4fa8c12dd53fc05d5e2fef011ef,
classgraph__classgraph,e4777c290158a352ec56fd03a05d354acc60240f,https://github.com/classgraph/classgraph/commit/e4777c290158a352ec56fd03a05d354acc60240f,
traccar__traccar,e71d3a6b1ee198a3c0c99b354e111663dedf84e7,https://github.com/traccar/traccar/commit/e71d3a6b1ee198a3c0c99b354e111663dedf84e7,
pippo-java__pippo,dcbc538831517e50f618b25e7beac6663f97f233,https://github.com/pippo-java/pippo/commit/dcbc538831517e50f618b25e7beac6663f97f233,
ctripcorp__apollo,f92b06a3e19125ac1a39bf0503bcc0cd96e015d1,https://github.com/ctripcorp/apollo/commit/f92b06a3e19125ac1a39bf0503bcc0cd96e015d1,
apache__incubator-servicecomb-java-chassis,29d6d3bb169d96f3c7a0784c542586faf03da002,https://github.com/apache/incubator-servicecomb-java-chassis/commit/29d6d3bb169d96f3c7a0784c542586faf03da002,
apereo__java-cas-client,d419c68670910557167eaf458bd4139037faaf1c,https://github.com/apereo/java-cas-client/commit/d419c68670910557167eaf458bd4139037faaf1c,
SzFMV2018-Tavasz__AutomatedCar,119a4403aa6d9d7103b34b55e3585e6d7fcb17b6,https://github.com/SzFMV2018-Tavasz/AutomatedCar/commit/119a4403aa6d9d7103b34b55e3585e6d7fcb17b6,
rkonovalov__jsonignore,d8ffbb473958d7195985cd2ec3c5b76805948526,https://github.com/rkonovalov/jsonignore/commit/d8ffbb473958d7195985cd2ec3c5b76805948526,
SonarOpenCommunity__sonar-cxx,20c3de7293fcc980409ff1a2bd462c75e71300bc,https://github.com/SonarOpenCommunity/sonar-cxx/commit/20c3de7293fcc980409ff1a2bd462c75e71300bc,
AxonFramework__AxonFramework,89c49e37fe1fade57f73531a57d554dc4f736a02,https://github.com/AxonFramework/AxonFramework/commit/89c49e37fe1fade57f73531a57d554dc4f736a02,
molgenis__molgenis,c32306910783de546f043d63dad78635ccbe92d9,https://github.com/molgenis/molgenis/commit/c32306910783de546f043d63dad78635ccbe92d9,
rkonovalov__jsonignore,78160e37e4de6159bfae743ecc1894038b39f51d,https://github.com/rkonovalov/jsonignore/commit/78160e37e4de6159bfae743ecc1894038b39f51d,
HubSpot__Baragon,8d27418f33746106739c119d360079880f5eccd5,https://github.com/HubSpot/Baragon/commit/8d27418f33746106739c119d360079880f5eccd5,
vert-x3__vertx-web,a10ecc03c8b62cd730095da0f14cf43d51bdb581,https://github.com/vert-x3/vertx-web/commit/a10ecc03c8b62cd730095da0f14cf43d51bdb581,
HubSpot__Baragon,246f298ff9ea7ae2bab6ac35ede79abd5e36e349,https://github.com/HubSpot/Baragon/commit/246f298ff9ea7ae2bab6ac35ede79abd5e36e349,
HubSpot__Baragon,127572369b790321c26a178a949ac6bdf43384b5,https://github.com/HubSpot/Baragon/commit/127572369b790321c26a178a949ac6bdf43384b5,
classgraph__classgraph,79b96a89c54e68dd055d7bc6df26622c064be3a8,https://github.com/classgraph/classgraph/commit/79b96a89c54e68dd055d7bc6df26622c064be3a8,
Blazebit__blaze-persistence,1f106e8d2afa99a25e5811f7f81192e0f065733a,https://github.com/Blazebit/blaze-persistence/commit/1f106e8d2afa99a25e5811f7f81192e0f065733a,
jenkinsci__ansicolor-plugin,6d3e730e7a0d98da8dab49e41827eefd98a4bb8a,https://github.com/jenkinsci/ansicolor-plugin/commit/6d3e730e7a0d98da8dab49e41827eefd98a4bb8a,
HubSpot__Baragon,69118d89e62916ec152998b8ead11b4f47d41539,https://github.com/HubSpot/Baragon/commit/69118d89e62916ec152998b8ead11b4f47d41539,
pippo-java__pippo,cc9e72d5215b4df30b56351cbf8078e72798000b,https://github.com/pippo-java/pippo/commit/cc9e72d5215b4df30b56351cbf8078e72798000b,
ctripcorp__apollo,ad476b41da0c136c3cd6a8fdbe2d169c78f09e6a,https://github.com/ctripcorp/apollo/commit/ad476b41da0c136c3cd6a8fdbe2d169c78f09e6a,
dhis2__dhis2-core,f17ef142931540e252b7a0728e9f2df0dcd3469e,https://github.com/dhis2/dhis2-core/commit/f17ef142931540e252b7a0728e9f2df0dcd3469e,
apache__incubator-servicecomb-java-chassis,affaf8afac883af4f00a898bccccfb1adadb8b01,https://github.com/apache/incubator-servicecomb-java-chassis/commit/affaf8afac883af4f00a898bccccfb1adadb8b01,
org-tigris-jsapar__jsapar,32c8fb8232f7d5a26eb37e9ea61fb7d2b6c11707,https://github.com/org-tigris-jsapar/jsapar/commit/32c8fb8232f7d5a26eb37e9ea61fb7d2b6c11707,
HubSpot__Baragon,c2f4177f7138dfe72ddaea21e2744385356d1b88,https://github.com/HubSpot/Baragon/commit/c2f4177f7138dfe72ddaea21e2744385356d1b88,
webfirmframework__wff,85d5f00f0a72b1b825146f7846ee806c2df2bf57,https://github.com/webfirmframework/wff/commit/85d5f00f0a72b1b825146f7846ee806c2df2bf57,
rkonovalov__jsonignore,b635f9e51699eb0b60d9b65eb1a48e8479d37a61,https://github.com/rkonovalov/jsonignore/commit/b635f9e51699eb0b60d9b65eb1a48e8479d37a61,
rkonovalov__jsonignore,9ac089c99ee67dd5f199f55e221fe32a5e6a9992,https://github.com/rkonovalov/jsonignore/commit/9ac089c99ee67dd5f199f55e221fe32a5e6a9992,
openmrs__openmrs-module-htmlformentry,d2c726f4a77cd3d3fcc289ec1866be3ecf2e5f95,https://github.com/openmrs/openmrs-module-htmlformentry/commit/d2c726f4a77cd3d3fcc289ec1866be3ecf2e5f95,
molgenis__molgenis,0000350be216c0adf2f434db00c4526b0d76385d,https://github.com/molgenis/molgenis/commit/0000350be216c0adf2f434db00c4526b0d76385d,
dhis2__dhis2-core,d31cc2386df5ea06bcbd223a0551d5b9676fd33b,https://github.com/dhis2/dhis2-core/commit/d31cc2386df5ea06bcbd223a0551d5b9676fd33b,
swagger-api__swagger-codegen,b61d3b2914ff44d3e33b40ba13bb14b1f5939d58,https://github.com/swagger-api/swagger-codegen/commit/b61d3b2914ff44d3e33b40ba13bb14b1f5939d58,
openmrs__openmrs-module-htmlformentry,9b058ecfb9c9ab489fee8543ecec5a78054e1200,https://github.com/openmrs/openmrs-module-htmlformentry/commit/9b058ecfb9c9ab489fee8543ecec5a78054e1200,
AxonFramework__AxonFramework,9f98394ffa532b8aaddde1180615022d7f2419f7,https://github.com/AxonFramework/AxonFramework/commit/9f98394ffa532b8aaddde1180615022d7f2419f7,
molgenis__molgenis,cae4ca2fb11b3e088632fc35578cf754c87131ee,https://github.com/molgenis/molgenis/commit/cae4ca2fb11b3e088632fc35578cf754c87131ee,
Activiti__Activiti,92c197f005ed8023186d5734a084e2213b03cf5e,https://github.com/Activiti/Activiti/commit/92c197f005ed8023186d5734a084e2213b03cf5e,
apache__jackrabbit-oak,a209e773de4ac9e88cc7c05441f5ba5ed4343b1e,https://github.com/apache/jackrabbit-oak/commit/a209e773de4ac9e88cc7c05441f5ba5ed4343b1e,
SonarOpenCommunity__sonar-cxx,98895b0a67918bd371bdbcf2191b695c0db6c0dd,https://github.com/SonarOpenCommunity/sonar-cxx/commit/98895b0a67918bd371bdbcf2191b695c0db6c0dd,
rkonovalov__jsonignore,f457a0d651a6e6d82db67962f6028adec3dbd364,https://github.com/rkonovalov/jsonignore/commit/f457a0d651a6e6d82db67962f6028adec3dbd364,
jgrapht__jgrapht,61fbe50b34eaad082bfac906ee88de9ad543f5fc,https://github.com/jgrapht/jgrapht/commit/61fbe50b34eaad082bfac906ee88de9ad543f5fc,
brettwooldridge__HikariCP,63bcfe2cf00924b6eda37c4af0449ef9f34b9c31,https://github.com/brettwooldridge/HikariCP/commit/63bcfe2cf00924b6eda37c4af0449ef9f34b9c31,
HubSpot__Baragon,16e366252ca5c3b20b73cf4e466e84619e7d7224,https://github.com/HubSpot/Baragon/commit/16e366252ca5c3b20b73cf4e466e84619e7d7224,
apache__incubator-servicecomb-java-chassis,d469ef44d1e733abc67a395a5070b55bad47f224,https://github.com/apache/incubator-servicecomb-java-chassis/commit/d469ef44d1e733abc67a395a5070b55bad47f224,
rkonovalov__jsonignore,d59ef976102dc9af163c5f51a8a48f0aa56e247d,https://github.com/rkonovalov/jsonignore/commit/d59ef976102dc9af163c5f51a8a48f0aa56e247d,
molgenis__molgenis,1fcaa0acf38a05a6b1f1ae4f616f4ddb6e9d2ff1,https://github.com/molgenis/molgenis/commit/1fcaa0acf38a05a6b1f1ae4f616f4ddb6e9d2ff1,
apache__jackrabbit-oak,81235323fe91e6864cb55681d41a2781f268cd0a,https://github.com/apache/jackrabbit-oak/commit/81235323fe91e6864cb55681d41a2781f268cd0a,
vert-x3__vertx-web,a20e6a3a9be3c39a261737e851d65ba323fa5580,https://github.com/vert-x3/vertx-web/commit/a20e6a3a9be3c39a261737e851d65ba323fa5580,
rkonovalov__jsonignore,22ba241320944ff3dac17a7b61a12e690cdc5d02,https://github.com/rkonovalov/jsonignore/commit/22ba241320944ff3dac17a7b61a12e690cdc5d02,
thelastpickle__cassandra-reaper,30f6a310bb0ebe95d3970a3356aa74f791c729da,https://github.com/thelastpickle/cassandra-reaper/commit/30f6a310bb0ebe95d3970a3356aa74f791c729da,
molgenis__molgenis,d38f5723dd8f0232ac3b811b8b52eb7fa85a1644,https://github.com/molgenis/molgenis/commit/d38f5723dd8f0232ac3b811b8b52eb7fa85a1644,
vkostyukov__la4j,3753284dd35c30e77e12045742cbb98ae24b0f7c,https://github.com/vkostyukov/la4j/commit/3753284dd35c30e77e12045742cbb98ae24b0f7c,
lettuce-io__lettuce-core,ce40d90637fc3bd7eb35c40c08d45fad794e3531,https://github.com/lettuce-io/lettuce-core/commit/ce40d90637fc3bd7eb35c40c08d45fad794e3531,
danfickle__openhtmltopdf,2e25b6c72a9b22e166b5ef641f70fc35e0646eac,https://github.com/danfickle/openhtmltopdf/commit/2e25b6c72a9b22e166b5ef641f70fc35e0646eac,
classgraph__classgraph,ee0ca1bd58b39a1ff106336643fc6f3110c75617,https://github.com/classgraph/classgraph/commit/ee0ca1bd58b39a1ff106336643fc6f3110c75617,
EnMasseProject__enmasse,8c3e32a47e4324792957fa0afe31bec11041a6ab,https://github.com/EnMasseProject/enmasse/commit/8c3e32a47e4324792957fa0afe31bec11041a6ab,
rkonovalov__jsonignore,e45c1702868f641c9ba03a79b31a874bf045d678,https://github.com/rkonovalov/jsonignore/commit/e45c1702868f641c9ba03a79b31a874bf045d678,
openmrs__openmrs-module-htmlformentry,9ce5c140ea6b40e02b0cde1500324b7d8d0cc338,https://github.com/openmrs/openmrs-module-htmlformentry/commit/9ce5c140ea6b40e02b0cde1500324b7d8d0cc338,
vkostyukov__la4j,8f93f43e135c5d2f52a2b70286606f588c846bd6,https://github.com/vkostyukov/la4j/commit/8f93f43e135c5d2f52a2b70286606f588c846bd6,
openmrs__openmrs-module-webservices.rest,897b767ddeb3197f4af1d96df0c66b8894c1f3dd,https://github.com/openmrs/openmrs-module-webservices.rest/commit/897b767ddeb3197f4af1d96df0c66b8894c1f3dd,
classgraph__classgraph,22641266ed2c3b9d552174d472205be83f79d357,https://github.com/classgraph/classgraph/commit/22641266ed2c3b9d552174d472205be83f79d357,
dhis2__dhis2-core,4d06eab81e9c5620ee69b268c9338b4bb7cdcb70,https://github.com/dhis2/dhis2-core/commit/4d06eab81e9c5620ee69b268c9338b4bb7cdcb70,
swagger-api__swagger-codegen,bcbf9c54c7dc1c4f38daabc34d22201ea160cea4,https://github.com/swagger-api/swagger-codegen/commit/bcbf9c54c7dc1c4f38daabc34d22201ea160cea4,
vert-x3__vertx-web,6c8b87f4cad14382f9f9e050e0efc42178e80aaa,https://github.com/vert-x3/vertx-web/commit/6c8b87f4cad14382f9f9e050e0efc42178e80aaa,
cpesch__RouteConverter,5c2adb2ea44788d2dab7aca6cb7b834909eca666,https://github.com/cpesch/RouteConverter/commit/5c2adb2ea44788d2dab7aca6cb7b834909eca666,
pippo-java__pippo,0ba1f853a700eea9d039b465eadcd9f76f11cdb6,https://github.com/pippo-java/pippo/commit/0ba1f853a700eea9d039b465eadcd9f76f11cdb6,
EnMasseProject__enmasse,295b13ffec0c1eed1e329d622831b2b31c53faec,https://github.com/EnMasseProject/enmasse/commit/295b13ffec0c1eed1e329d622831b2b31c53faec,
FasterXML__jackson-dataformats-text,dbc68ad51bc13804bad2b93e0512062616dc5eb4,https://github.com/FasterXML/jackson-dataformats-text/commit/dbc68ad51bc13804bad2b93e0512062616dc5eb4,
rkonovalov__jsonignore,c86079d9dcd207482fa5bac9c1666e5494d2d81c,https://github.com/rkonovalov/jsonignore/commit/c86079d9dcd207482fa5bac9c1666e5494d2d81c,
INRIA__spoon,48293a0235d5493d7ed494c5c0e4e39633456120,https://github.com/INRIA/spoon/commit/48293a0235d5493d7ed494c5c0e4e39633456120,
OpenFeign__feign,5244db430058535a1342c4171df8d7a8d227d0e3,https://github.com/OpenFeign/feign/commit/5244db430058535a1342c4171df8d7a8d227d0e3,
vkostyukov__la4j,27894394410f467feefba0ef238baa6a9245544f,https://github.com/vkostyukov/la4j/commit/27894394410f467feefba0ef238baa6a9245544f,
INRIA__spoon,296654cf0421e39b7024e09de4626fa81752f958,https://github.com/INRIA/spoon/commit/296654cf0421e39b7024e09de4626fa81752f958,
swagger-api__swagger-codegen,681628dba2be19d2c8b5bd16bf4a70524b6d1a77,https://github.com/swagger-api/swagger-codegen/commit/681628dba2be19d2c8b5bd16bf4a70524b6d1a77,
openmrs__openmrs-module-webservices.rest,bc3c69ed3082ed59d3a280c55bf95e1e5db808a5,https://github.com/openmrs/openmrs-module-webservices.rest/commit/bc3c69ed3082ed59d3a280c55bf95e1e5db808a5,
brettwooldridge__HikariCP,e621a55d4aa928350081346166fd904c6dd34c5f,https://github.com/brettwooldridge/HikariCP/commit/e621a55d4aa928350081346166fd904c6dd34c5f,
ctripcorp__apollo,399b78dcf3470331bcd554cd8aad47eee25ffb9c,https://github.com/ctripcorp/apollo/commit/399b78dcf3470331bcd554cd8aad47eee25ffb9c,
HubSpot__Baragon,fde6c8cfb879c2fcb482b5be0e475d0d9919c506,https://github.com/HubSpot/Baragon/commit/fde6c8cfb879c2fcb482b5be0e475d0d9919c506,
HubSpot__Baragon,6de44bbe823ca6ac3339f760a69ea3604a5dda93,https://github.com/HubSpot/Baragon/commit/6de44bbe823ca6ac3339f760a69ea3604a5dda93,
Activiti__Activiti,bdeef09bce254e0667b0048a8b4483f2d922e352,https://github.com/Activiti/Activiti/commit/bdeef09bce254e0667b0048a8b4483f2d922e352,
pippo-java__pippo,fcef5eee811e29cd0a4a7f911eb6bfa653866f0f,https://github.com/pippo-java/pippo/commit/fcef5eee811e29cd0a4a7f911eb6bfa653866f0f,
CSU-CS414-WareWolves__cs414-f18-001-WareWolves,a52eb21746ef2e78f51158f4ed92ced602fb1b3e,https://github.com/CSU-CS414-WareWolves/cs414-f18-001-WareWolves/commit/a52eb21746ef2e78f51158f4ed92ced602fb1b3e,
swagger-api__swagger-codegen,a6e4203cd53109c2aaec412be3b9a503d6b2f91f,https://github.com/swagger-api/swagger-codegen/commit/a6e4203cd53109c2aaec412be3b9a503d6b2f91f,
classgraph__classgraph,151c9af9fcbfe452525938d01cf8c6c28dd7c4ed,https://github.com/classgraph/classgraph/commit/151c9af9fcbfe452525938d01cf8c6c28dd7c4ed,
classgraph__classgraph,209265f47052443a90c9c9063d448c6b37370074,https://github.com/classgraph/classgraph/commit/209265f47052443a90c9c9063d448c6b37370074,
ctripcorp__apollo,5b1a9021d913b2e1210c41cf292a5bbef32f1fca,https://github.com/ctripcorp/apollo/commit/5b1a9021d913b2e1210c41cf292a5bbef32f1fca,
classgraph__classgraph,8e9eb977ddde3ef8e46a75c612b56510eecfc8e2,https://github.com/classgraph/classgraph/commit/8e9eb977ddde3ef8e46a75c612b56510eecfc8e2,
albfernandez__GDS-PMD-Security-Rules,1d4eedd301ce347228e4048ebecf826dec63fce9,https://github.com/albfernandez/GDS-PMD-Security-Rules/commit/1d4eedd301ce347228e4048ebecf826dec63fce9,
molgenis__molgenis,fe67a5178d4bd32694b0eb4fc4c64d3bc8ea761e,https://github.com/molgenis/molgenis/commit/fe67a5178d4bd32694b0eb4fc4c64d3bc8ea761e,
EnMasseProject__enmasse,5621b0f7ccb293bda34817a8dc0645b425b9b7a9,https://github.com/EnMasseProject/enmasse/commit/5621b0f7ccb293bda34817a8dc0645b425b9b7a9,
spring-cloud__spring-cloud-gcp,bf77519efafcb1e44d0405e1a7d2301bc64e638b,https://github.com/spring-cloud/spring-cloud-gcp/commit/bf77519efafcb1e44d0405e1a7d2301bc64e638b,
danfickle__openhtmltopdf,8e684e70febf7dd690169bbdff7e7718d136e6c8,https://github.com/danfickle/openhtmltopdf/commit/8e684e70febf7dd690169bbdff7e7718d136e6c8,
HubSpot__Baragon,fd8e6248be7f1239a122982829579f66ff002d61,https://github.com/HubSpot/Baragon/commit/fd8e6248be7f1239a122982829579f66ff002d61,
molgenis__molgenis,6902117e43d748cbee0b48572629f3f7f0814ed8,https://github.com/molgenis/molgenis/commit/6902117e43d748cbee0b48572629f3f7f0814ed8,
swagger-api__swagger-codegen,dd9da67f51ce38a4aec0fc167f5944fdec011f14,https://github.com/swagger-api/swagger-codegen/commit/dd9da67f51ce38a4aec0fc167f5944fdec011f14,
HubSpot__Baragon,e7a78e40b7a9a2a59d32f9a1d475638309793b5b,https://github.com/HubSpot/Baragon/commit/e7a78e40b7a9a2a59d32f9a1d475638309793b5b,
swagger-api__swagger-codegen,7167bf28c7d85233dddd486b2cd21e404294f4e1,https://github.com/swagger-api/swagger-codegen/commit/7167bf28c7d85233dddd486b2cd21e404294f4e1,
vert-x3__vertx-web,b3ae388fb2057fd6d9aff917f8bdcef1a3c65164,https://github.com/vert-x3/vertx-web/commit/b3ae388fb2057fd6d9aff917f8bdcef1a3c65164,
spring-projects__spring-data-jpa,e81d480021c7cd86c4a6e70d059dda6fb1491b73,https://github.com/spring-projects/spring-data-jpa/commit/e81d480021c7cd86c4a6e70d059dda6fb1491b73,
apache__jackrabbit-oak,efb99d1cdd803881f4f77ba279d1b82f51908535,https://github.com/apache/jackrabbit-oak/commit/efb99d1cdd803881f4f77ba279d1b82f51908535,
AxonFramework__AxonFramework,7d85113ddb30545f2d0040db92b38e8f6441ce9a,https://github.com/AxonFramework/AxonFramework/commit/7d85113ddb30545f2d0040db92b38e8f6441ce9a,
openmrs__openmrs-module-webservices.rest,d9786cb18da5de0899ef8fd5682aaf749408b240,https://github.com/openmrs/openmrs-module-webservices.rest/commit/d9786cb18da5de0899ef8fd5682aaf749408b240,
HubSpot__Baragon,e66d7389dd2c7d234436afcb04ae7caa68e375a6,https://github.com/HubSpot/Baragon/commit/e66d7389dd2c7d234436afcb04ae7caa68e375a6,
hexagonframework__spring-data-ebean,ac515c249373402af19f61849a41a2724301b18c,https://github.com/hexagonframework/spring-data-ebean/commit/ac515c249373402af19f61849a41a2724301b18c,
HubSpot__Baragon,f16c9221a8f2ba25e43a1ca39dee509b2d528e1f,https://github.com/HubSpot/Baragon/commit/f16c9221a8f2ba25e43a1ca39dee509b2d528e1f,
webfirmframework__wff,b9323930cb2dbb0bfa33f1cce23f93955ee0668d,https://github.com/webfirmframework/wff/commit/b9323930cb2dbb0bfa33f1cce23f93955ee0668d,
ctripcorp__apollo,eb6af6f0e937eb601f14ed0a4c4de2f7f9aedc70,https://github.com/ctripcorp/apollo/commit/eb6af6f0e937eb601f14ed0a4c4de2f7f9aedc70,
apache__incubator-servicecomb-java-chassis,2783fd5d02456094209ff338ebcee38cfadffbbd,https://github.com/apache/incubator-servicecomb-java-chassis/commit/2783fd5d02456094209ff338ebcee38cfadffbbd,
molgenis__molgenis,56733f2234f6cd7d6d695500595977e330121309,https://github.com/molgenis/molgenis/commit/56733f2234f6cd7d6d695500595977e330121309,
linkedin__pinot,156ec45ce17c05f2a8d7c592127a0925439179e7,https://github.com/linkedin/pinot/commit/156ec45ce17c05f2a8d7c592127a0925439179e7,
EnMasseProject__enmasse,48b4a1aff2e1d9df2f4639bc5c5596b6f56148b3,https://github.com/EnMasseProject/enmasse/commit/48b4a1aff2e1d9df2f4639bc5c5596b6f56148b3,
spring-cloud__spring-cloud-gcp,8cfcc1e8517840df08d7e6ae26545985da4fa4fe,https://github.com/spring-cloud/spring-cloud-gcp/commit/8cfcc1e8517840df08d7e6ae26545985da4fa4fe,
dhis2__dhis2-core,1d6bb6f003a11047f1f3ea83a9979a6160b55587,https://github.com/dhis2/dhis2-core/commit/1d6bb6f003a11047f1f3ea83a9979a6160b55587,
brettwooldridge__HikariCP,395035b5f533fa24da17de4fd5d40787a7e9652f,https://github.com/brettwooldridge/HikariCP/commit/395035b5f533fa24da17de4fd5d40787a7e9652f,
INRIA__spoon,958d994777ae6bde103bbf207f69731298e90f9e,https://github.com/INRIA/spoon/commit/958d994777ae6bde103bbf207f69731298e90f9e,
cpesch__RouteConverter,7758ebf1e552ab5fbbc67db614fd08f2b00f2131,https://github.com/cpesch/RouteConverter/commit/7758ebf1e552ab5fbbc67db614fd08f2b00f2131,
jgrapht__jgrapht,a61c430f2ac7af9e4b0519b792fa90091fa0462d,https://github.com/jgrapht/jgrapht/commit/a61c430f2ac7af9e4b0519b792fa90091fa0462d,
spring-cloud__spring-cloud-gcp,492a4c20746d2a7f3e05a3bfe6a54d68b0c74f67,https://github.com/spring-cloud/spring-cloud-gcp/commit/492a4c20746d2a7f3e05a3bfe6a54d68b0c74f67,
molgenis__molgenis,802466811a09ca1494266e6829d3114f92646928,https://github.com/molgenis/molgenis/commit/802466811a09ca1494266e6829d3114f92646928,
vert-x3__vertx-web,2b681d22a3f1a2579e918a145c36a52682785957,https://github.com/vert-x3/vertx-web/commit/2b681d22a3f1a2579e918a145c36a52682785957,
apereo__java-cas-client,eee667a611589b113868dae577400a1980ab0850,https://github.com/apereo/java-cas-client/commit/eee667a611589b113868dae577400a1980ab0850,
dhis2__dhis2-core,a4b7290df1158646ee95310c9565a5c34406e1d7,https://github.com/dhis2/dhis2-core/commit/a4b7290df1158646ee95310c9565a5c34406e1d7,
AxonFramework__AxonFramework,ad37ab7f3f6be0008a7947ffdd6d44a8e5e3ed98,https://github.com/AxonFramework/AxonFramework/commit/ad37ab7f3f6be0008a7947ffdd6d44a8e5e3ed98,
